Title,Image URL
"Double Wide","https://imgs1cdn.adultempire.com/products/94/4948494m.jpg"
"Cum Dump Sluts Vol. 2","https://imgs1cdn.adultempire.com/products/29/4926129m.jpg"
"Riding Giants","https://imgs1cdn.adultempire.com/products/66/4547366m.jpg"
"Peaches and Cream (NakedSword)","https://imgs1cdn.adultempire.com/products/13/3057213m.jpg"
"Cum Dump Sluts Vol. 1","https://imgs1cdn.adultempire.com/products/51/4854251m.jpg"
"Shy Femboy Railing","https://imgs1cdn.adultempire.com/products/46/4938446m.jpg"
"Yes, Daddy, Deeper!","https://imgs1cdn.adultempire.com/products/23/4936923m.jpg"
"Island of Love: A Greek Adventure","https://imgs1cdn.adultempire.com/products/94/4551094m.jpg"
"Fucking the Fam","https://imgs1cdn.adultempire.com/products/57/4938457m.jpg"
"Way to a Man's Heart, The (Raging Stallion)","https://imgs1cdn.adultempire.com/products/82/4904282m.jpg"
"Bi Fourgies","https://imgs1cdn.adultempire.com/products/88/2784888m.jpg"
"Happy Holes","https://imgs1cdn.adultempire.com/products/21/4935121m.jpg"
"Ginger Snaps (BelAmi)","https://imgs1cdn.adultempire.com/products/78/4637378m.jpg"
"Cum Cannon (CockyBoys)","https://imgs1cdn.adultempire.com/products/90/4935090m.jpg"
"Addicted to Love","https://imgs1cdn.adultempire.com/products/15/4904215m.jpg"
"Just for You (CockyBoys)","https://imgs1cdn.adultempire.com/products/79/4871379m.jpg"
"Mr. Fix-It (Next Door Studios)","https://imgs1cdn.adultempire.com/products/21/4942721m.jpg"
"Down to his Knee","https://imgs1cdn.adultempire.com/products/55/4947055m.jpg"
"Daddy Ride Along","https://imgs1cdn.adultempire.com/products/75/4932175m.jpg"
"Show Papa","https://imgs1cdn.adultempire.com/products/39/4936839m.jpg"
"Fill 'Er Up (CockyBoys)","https://imgs1cdn.adultempire.com/products/32/4949832m.jpg"
"Father Figure","https://imgs1cdn.adultempire.com/products/73/1660073m.jpg"
"Bear Lovers (MEN.com)","https://imgs1cdn.adultempire.com/products/93/4945793m.jpg"
"Spain in the Ass","https://imgs1cdn.adultempire.com/products/80/4871380m.jpg"
"Cheaper Bi The Dozen","https://imgs1cdn.adultempire.com/products/24/2743524m.jpg"
"Pier Groups","https://imgs1cdn.adultempire.com/products/56/4947056m.jpg"
"Best of Derek Kage Bareback, The","https://imgs1cdn.adultempire.com/products/14/4948114m.jpg"
"Lucky Fucks (CockyBoys)","https://imgs1cdn.adultempire.com/products/36/4949836m.jpg"
"Jock Pussy Vol. 6: Luke Hudson Chapters 32-36","https://imgs1cdn.adultempire.com/products/91/4936091m.jpg"
"Yes Father Vol. 11: Holy Trinity","https://imgs1cdn.adultempire.com/products/45/4900545m.jpg"
"Sean Cody Legends: Brysen","https://imgs1cdn.adultempire.com/products/35/4942735m.jpg"
"Hardwood Lodge","https://imgs1cdn.adultempire.com/products/80/4872680m.jpg"
"Doing It","https://imgs1cdn.adultempire.com/products/39/2750539m.jpg"
"Daddy's Little Boy Tapes 12-15","https://imgs1cdn.adultempire.com/products/06/4894406m.jpg"
"Cum In Me Bro","https://imgs1cdn.adultempire.com/products/48/4947948m.jpg"
"Best of Joe Gage: Rednecks, The","https://imgs1cdn.adultempire.com/products/51/1763551m.jpg"
"Cum In Me Bro 2","https://imgs1cdn.adultempire.com/products/25/4952325m.jpg"
"Bully Him 6","https://imgs1cdn.adultempire.com/products/63/4881163m.jpg"
"An Ass Full Of Daddy","https://imgs1cdn.adultempire.com/products/32/4947832m.jpg"
"Kinky Hookups","https://imgs1cdn.adultempire.com/products/29/4935829m.jpg"
"Norse Fuckers","https://imgs1cdn.adultempire.com/products/15/4537115m.jpg"
"Bruthaload Vol. 11: Bruthaload Brazil","https://imgs1cdn.adultempire.com/products/83/4712583m.jpg"
"Daddy Dearest","https://imgs1cdn.adultempire.com/products/35/4953835m.jpg"
"Goldenrod Resort 2, The: Singles Weekend","https://imgs1cdn.adultempire.com/products/00/4931700m.jpg"
"Fuego (Hot House)","https://imgs1cdn.adultempire.com/products/08/4904808m.jpg"
"Cops Want In, The","https://imgs1cdn.adultempire.com/products/53/4946553m.jpg"
"Rise of the Prison Bitch","https://imgs1cdn.adultempire.com/products/07/4928407m.jpg"
"All the Way (CockyBoys)","https://imgs1cdn.adultempire.com/products/20/4883720m.jpg"
"Double Wide","https://imgs1cdn.adultempire.com/products/94/4948494m.jpg"
"Cum Dump Sluts Vol. 2","https://imgs1cdn.adultempire.com/products/29/4926129m.jpg"
"Riding Giants","https://imgs1cdn.adultempire.com/products/66/4547366m.jpg"
"Peaches and Cream (NakedSword)","https://imgs1cdn.adultempire.com/products/13/3057213m.jpg"
"Cum Dump Sluts Vol. 1","https://imgs1cdn.adultempire.com/products/51/4854251m.jpg"
"Shy Femboy Railing","https://imgs1cdn.adultempire.com/products/46/4938446m.jpg"
"Yes, Daddy, Deeper!","https://imgs1cdn.adultempire.com/products/23/4936923m.jpg"
"Island of Love: A Greek Adventure","https://imgs1cdn.adultempire.com/products/94/4551094m.jpg"
"Fucking the Fam","https://imgs1cdn.adultempire.com/products/57/4938457m.jpg"
"Way to a Man's Heart, The (Raging Stallion)","https://imgs1cdn.adultempire.com/products/82/4904282m.jpg"
"Bi Fourgies","https://imgs1cdn.adultempire.com/products/88/2784888m.jpg"
"Happy Holes","https://imgs1cdn.adultempire.com/products/21/4935121m.jpg"
"Ginger Snaps (BelAmi)","https://imgs1cdn.adultempire.com/products/78/4637378m.jpg"
"Cum Cannon (CockyBoys)","https://imgs1cdn.adultempire.com/products/90/4935090m.jpg"
"Addicted to Love","https://imgs1cdn.adultempire.com/products/15/4904215m.jpg"
"Just for You (CockyBoys)","https://imgs1cdn.adultempire.com/products/79/4871379m.jpg"
"Mr. Fix-It (Next Door Studios)","https://imgs1cdn.adultempire.com/products/21/4942721m.jpg"
"Down to his Knee","https://imgs1cdn.adultempire.com/products/55/4947055m.jpg"
"Daddy Ride Along","https://imgs1cdn.adultempire.com/products/75/4932175m.jpg"
"Show Papa","https://imgs1cdn.adultempire.com/products/39/4936839m.jpg"
"Fill 'Er Up (CockyBoys)","https://imgs1cdn.adultempire.com/products/32/4949832m.jpg"
"Father Figure","https://imgs1cdn.adultempire.com/products/73/1660073m.jpg"
"Bear Lovers (MEN.com)","https://imgs1cdn.adultempire.com/products/93/4945793m.jpg"
"Spain in the Ass","https://imgs1cdn.adultempire.com/products/80/4871380m.jpg"
"Cheaper Bi The Dozen","https://imgs1cdn.adultempire.com/products/24/2743524m.jpg"
"Pier Groups","https://imgs1cdn.adultempire.com/products/56/4947056m.jpg"
"Best of Derek Kage Bareback, The","https://imgs1cdn.adultempire.com/products/14/4948114m.jpg"
"Lucky Fucks (CockyBoys)","https://imgs1cdn.adultempire.com/products/36/4949836m.jpg"
"Jock Pussy Vol. 6: Luke Hudson Chapters 32-36","https://imgs1cdn.adultempire.com/products/91/4936091m.jpg"
"Yes Father Vol. 11: Holy Trinity","https://imgs1cdn.adultempire.com/products/45/4900545m.jpg"
"Sean Cody Legends: Brysen","https://imgs1cdn.adultempire.com/products/35/4942735m.jpg"
"Hardwood Lodge","https://imgs1cdn.adultempire.com/products/80/4872680m.jpg"
"Doing It","https://imgs1cdn.adultempire.com/products/39/2750539m.jpg"
"Daddy's Little Boy Tapes 12-15","https://imgs1cdn.adultempire.com/products/06/4894406m.jpg"
"Cum In Me Bro","https://imgs1cdn.adultempire.com/products/48/4947948m.jpg"
"Best of Joe Gage: Rednecks, The","https://imgs1cdn.adultempire.com/products/51/1763551m.jpg"
"Cum In Me Bro 2","https://imgs1cdn.adultempire.com/products/25/4952325m.jpg"
"Bully Him 6","https://imgs1cdn.adultempire.com/products/63/4881163m.jpg"
"An Ass Full Of Daddy","https://imgs1cdn.adultempire.com/products/32/4947832m.jpg"
"Kinky Hookups","https://imgs1cdn.adultempire.com/products/29/4935829m.jpg"
"Norse Fuckers","https://imgs1cdn.adultempire.com/products/15/4537115m.jpg"
"Bruthaload Vol. 11: Bruthaload Brazil","https://imgs1cdn.adultempire.com/products/83/4712583m.jpg"
"Daddy Dearest","https://imgs1cdn.adultempire.com/products/35/4953835m.jpg"
"Goldenrod Resort 2, The: Singles Weekend","https://imgs1cdn.adultempire.com/products/00/4931700m.jpg"
"Fuego (Hot House)","https://imgs1cdn.adultempire.com/products/08/4904808m.jpg"
"Cops Want In, The","https://imgs1cdn.adultempire.com/products/53/4946553m.jpg"
"Rise of the Prison Bitch","https://imgs1cdn.adultempire.com/products/07/4928407m.jpg"
"All the Way (CockyBoys)","https://imgs1cdn.adultempire.com/products/20/4883720m.jpg"
"Executive Order","https://imgs1cdn.adultempire.com/products/85/4826785m.jpg"
"Forgotten Treasures","https://imgs1cdn.adultempire.com/products/20/2581620m.jpg"
"Deep Breeding 2","https://imgs1cdn.adultempire.com/products/94/4946594m.jpg"
"Main Event, The (NakedSword)","https://imgs1cdn.adultempire.com/products/15/4851515m.jpg"
"Step-Brother's Hideaway","https://imgs1cdn.adultempire.com/products/08/2793208m.jpg"
"Horny Trans Men","https://imgs1cdn.adultempire.com/products/46/4894746m.jpg"
"Richards Family Vol. 1: Chapters 1-5, The","https://imgs1cdn.adultempire.com/products/50/4826950m.jpg"
"Hung: The Best Of David Anthony","https://imgs1cdn.adultempire.com/products/33/1652133m.jpg"
"Twink Time 2","https://imgs1cdn.adultempire.com/products/19/4950419m.jpg"
"Work Hard Play Bi","https://imgs1cdn.adultempire.com/products/28/2759228m.jpg"
"Out in the Open (BelAmi)","https://imgs1cdn.adultempire.com/products/73/4601573m.jpg"
"Slay Away Camp","https://imgs1cdn.adultempire.com/products/28/4897528m.jpg"
"Bukkake Party 2 (TwinkeyBoy)","https://imgs1cdn.adultempire.com/products/83/4944983m.jpg"
"Like Them Big","https://imgs1cdn.adultempire.com/products/14/4891714m.jpg"
"Big Guns","https://imgs1cdn.adultempire.com/products/19/1764619m.jpg"
"Why Not Bi","https://imgs1cdn.adultempire.com/products/89/2704089m.jpg"
"CF Crush: Aiden","https://imgs1cdn.adultempire.com/products/12/1763912m.jpg"
"Fuck the Day Away 5","https://imgs1cdn.adultempire.com/products/33/4932733m.jpg"
"Stuck with Family","https://imgs1cdn.adultempire.com/products/36/4813836m.jpg"
"Step-Bro Set Up","https://imgs1cdn.adultempire.com/products/37/4935837m.jpg"
"Best of Alpha Wolfe Bareback, The","https://imgs1cdn.adultempire.com/products/70/4908970m.jpg"
"Chastity Femboy","https://imgs1cdn.adultempire.com/products/50/4894750m.jpg"
"I Do","https://imgs1cdn.adultempire.com/products/11/2747211m.jpg"
"Beach Bums Florida","https://imgs1cdn.adultempire.com/products/67/4944167m.jpg"
"Controller for Cock","https://imgs1cdn.adultempire.com/products/46/4807746m.jpg"
"Femboy Fantasies","https://imgs1cdn.adultempire.com/products/53/4884453m.jpg"
"Lascivious Pajama Sluts 2","https://imgs1cdn.adultempire.com/products/00/4940800m.jpg"
"Backwoods Bareback","https://imgs1cdn.adultempire.com/products/19/1758719m.jpg"
"Jawbreaker: A New Vigilante","https://imgs1cdn.adultempire.com/products/34/3017634m.jpg"
"Raw Favors","https://imgs1cdn.adultempire.com/products/56/4938456m.jpg"
"Moon: Timberwolves 2","https://imgs1cdn.adultempire.com/products/60/2737760m.jpg"
"Aggro!","https://imgs1cdn.adultempire.com/products/94/4762394m.jpg"
"Don't Ask Don't Tell (Disruptive Films)","https://imgs1cdn.adultempire.com/products/34/4942734m.jpg"
"That Lovin' Feeling","https://imgs1cdn.adultempire.com/products/67/4883667m.jpg"
"Offensively Large 3","https://imgs1cdn.adultempire.com/products/78/1968078m.jpg"
"Bareback in Brazil","https://imgs1cdn.adultempire.com/products/80/4762480m.jpg"
"Marcus: Chapters 10-14","https://imgs1cdn.adultempire.com/products/91/4899691m.jpg"
"Public Cruising","https://imgs1cdn.adultempire.com/products/52/4902852m.jpg"
"Best of Joe Gage: Men in Uniform, The","https://imgs1cdn.adultempire.com/products/47/1762347m.jpg"
"Loving Kris","https://imgs1cdn.adultempire.com/products/75/1901675m.jpg"
"Crossing the Line: Cop Shack 2","https://imgs1cdn.adultempire.com/products/86/1307386m.jpg"
"Shear Chaos Vol. 27: Creampie Edition","https://imgs1cdn.adultempire.com/products/64/2581664m.jpg"
"Breed Me, Stranger!","https://imgs1cdn.adultempire.com/products/86/1867786m.jpg"
"Apprentice Ryan: Chapters 5-9","https://imgs1cdn.adultempire.com/products/92/4927292m.jpg"
"Atlanta Ass Stretchers","https://imgs1cdn.adultempire.com/products/69/4845269m.jpg"
"Big Bro Knows Best","https://imgs1cdn.adultempire.com/products/68/4871268m.jpg"
"Femboys Have More Fun","https://imgs1cdn.adultempire.com/products/77/4827977m.jpg"
"Latin Leche 28","https://imgs1cdn.adultempire.com/products/92/4931392m.jpg"
"Staxus International College 3 Part Two","https://imgs1cdn.adultempire.com/products/30/4951830m.jpg"
"Plow & Seed","https://imgs1cdn.adultempire.com/products/89/4815289m.jpg"
"Joe Gage Sex Files 18: Runaway Sons","https://imgs1cdn.adultempire.com/products/72/1836872m.jpg"
"Sentenced","https://imgs1cdn.adultempire.com/products/69/1699469m.jpg"
"Falcon Collection: 1980s Vol. 2","https://imgs1cdn.adultempire.com/products/02/1475602m.jpg"
"Stopover in Bonds Corner","https://imgs1cdn.adultempire.com/products/66/1870366m.jpg"
"Falcon Collection: 1980s Vol. 1","https://imgs1cdn.adultempire.com/products/04/1422804m.jpg"
"Vice","https://imgs1cdn.adultempire.com/products/50/1968350m.jpg"
"Bury That Dick In Me!","https://imgs1cdn.adultempire.com/products/48/4869248m.jpg"
"Conquered","https://imgs1cdn.adultempire.com/products/91/52291m.jpg"
"Arcade on Route 9","https://imgs1cdn.adultempire.com/products/67/1220767m.jpg"
"Total Corruption 1 & 2 Double Feature","https://imgs1cdn.adultempire.com/products/27/27927m.jpg"
"Big Cock Jocks","https://imgs1cdn.adultempire.com/products/42/4900542m.jpg"
"Winter Getaway","https://imgs1cdn.adultempire.com/products/56/1790356m.jpg"
"Aged & Ready","https://imgs1cdn.adultempire.com/products/35/2802635m.jpg"
"Czech Hunter 53","https://imgs1cdn.adultempire.com/products/77/4950077m.jpg"
"Tiny & Hard 2","https://imgs1cdn.adultempire.com/products/14/4884014m.jpg"
"Death Row Cum Dump","https://imgs1cdn.adultempire.com/products/35/2742835m.jpg"
"Bareback Fuck Me Raw 2","https://imgs1cdn.adultempire.com/products/76/1762776m.jpg"
"Goldenrod Resort, The","https://imgs1cdn.adultempire.com/products/16/4782916m.jpg"
"Daddy Meat","https://imgs1cdn.adultempire.com/products/33/1762133m.jpg"
"Travis Takes It Deep","https://imgs1cdn.adultempire.com/products/85/4949585m.jpg"
"Hard Reign","https://imgs1cdn.adultempire.com/products/89/4927289m.jpg"
"Aged Like","https://imgs1cdn.adultempire.com/products/62/4935862m.jpg"
"Active Duty 3","https://imgs1cdn.adultempire.com/products/29/4931829m.jpg"
"Outta the Park!","https://imgs1cdn.adultempire.com/products/66/2705766m.jpg"
"Mens Room III: Ozark Mtn. Exit 8","https://imgs1cdn.adultempire.com/products/47/1393747m.jpg"
"My Big Fucking Dick: Chad Douglas","https://imgs1cdn.adultempire.com/products/09/1702609m.jpg"
"Drill My Hole 3","https://imgs1cdn.adultempire.com/products/27/1624127m.jpg"
"Guide To Sex In Prison, A","https://imgs1cdn.adultempire.com/products/98/1835298m.jpg"
"Alabama Takedown","https://imgs1cdn.adultempire.com/products/67/1240567m.jpg"
"On the Job (UK Naked Men)","https://imgs1cdn.adultempire.com/products/00/3600000m.jpg"
"Too Cute to Handle","https://imgs1cdn.adultempire.com/products/22/4950922m.jpg"
"Interracial Man-tasies Vol. 14","https://imgs1cdn.adultempire.com/products/36/4942736m.jpg"
"Freeuse Twinks","https://imgs1cdn.adultempire.com/products/43/4866143m.jpg"
"Suck Me Raw","https://imgs1cdn.adultempire.com/products/73/4933973m.jpg"
"Bully Him 5","https://imgs1cdn.adultempire.com/products/20/4838820m.jpg"
"Tight Ends (Helix Studios)","https://imgs1cdn.adultempire.com/products/68/2600368m.jpg"
"Hung Highschoolers","https://imgs1cdn.adultempire.com/products/70/2600370m.jpg"
"Jessie Starr Vol. 2","https://imgs1cdn.adultempire.com/products/01/4928101m.jpg"
"Double Dickin' Damon Dogg","https://imgs1cdn.adultempire.com/products/76/1763376m.jpg"
"Every Fucking Inch","https://imgs1cdn.adultempire.com/products/32/4859032m.jpg"
"Best of Sean Xavier Bareback, The","https://imgs1cdn.adultempire.com/products/52/4826752m.jpg"
"Austin: Chapters 1-4","https://imgs1cdn.adultempire.com/products/46/2751546m.jpg"
"Dirty Words","https://imgs1cdn.adultempire.com/products/62/4836362m.jpg"
"Twink Fucker (MEN.com)","https://imgs1cdn.adultempire.com/products/84/4807584m.jpg"
"Three Can Play","https://imgs1cdn.adultempire.com/products/17/4950417m.jpg"
"Blond Ambition 2 (Lukas Ridgeston)","https://imgs1cdn.adultempire.com/products/07/4696507m.jpg"
"Cowboys Do It Better","https://imgs1cdn.adultempire.com/products/68/4887868m.jpg"
"Best of Colton Ford, The","https://imgs1cdn.adultempire.com/products/64/680064m.jpg"
"CF Crush: Sawyer 3","https://imgs1cdn.adultempire.com/products/56/4932356m.jpg"
"Introducing Bareback","https://imgs1cdn.adultempire.com/products/54/4944154m.jpg"
"Trapped","https://imgs1cdn.adultempire.com/products/46/1968346m.jpg"
"BadPuppy Twinks Cum to Play","https://imgs1cdn.adultempire.com/products/09/4882809m.jpg"
"8 Failed Dates","https://imgs1cdn.adultempire.com/products/51/4884451m.jpg"
"Triple Twink","https://imgs1cdn.adultempire.com/products/67/4942967m.jpg"
"ClusterFucked: TitanMen Orgies Vol. 1","https://imgs1cdn.adultempire.com/products/19/1764419m.jpg"
"Cabin Fuck Fest","https://imgs1cdn.adultempire.com/products/27/3218227m.jpg"
"Bad Cop 2","https://imgs1cdn.adultempire.com/products/02/1924002m.jpg"
"Mirage (Raging Stallion)","https://imgs1cdn.adultempire.com/products/62/1333662m.jpg"
"Closing the Deal 4 (Bareback Network)","https://imgs1cdn.adultempire.com/products/29/4556629m.jpg"
"California Creamin'","https://imgs1cdn.adultempire.com/products/72/4682672m.jpg"
"Best of Raging Stallion Bareback Orgies","https://imgs1cdn.adultempire.com/products/02/4889902m.jpg"
"Bottom Games 8","https://imgs1cdn.adultempire.com/products/72/4851172m.jpg"
"Joe Gage Sex Files Vol. 19, 20 & 21","https://imgs1cdn.adultempire.com/products/30/3499730m.jpg"
"Rawwwr","https://imgs1cdn.adultempire.com/products/71/4933971m.jpg"
"Plantin' Seed Anthology","https://imgs1cdn.adultempire.com/products/33/1772833m.jpg"
"Best of Cody Cachet Vol. 2","https://imgs1cdn.adultempire.com/products/03/4928103m.jpg"
"Mountain Getaway","https://imgs1cdn.adultempire.com/products/71/1759271m.jpg"
"Big Dick Explosion 2","https://imgs1cdn.adultempire.com/products/08/2705608m.jpg"
"Gabe Isaac is All About that Gape","https://imgs1cdn.adultempire.com/products/42/2705542m.jpg"
"All American Boys","https://imgs1cdn.adultempire.com/products/30/1086330m.jpg"
"Hung Fuckers","https://imgs1cdn.adultempire.com/products/12/4875012m.jpg"
"Cum to Me 15","https://imgs1cdn.adultempire.com/products/38/4947038m.jpg"
"Doctor's Son: Tapes 1-5, The","https://imgs1cdn.adultempire.com/products/19/2752919m.jpg"
"Gay Military Training","https://imgs1cdn.adultempire.com/products/58/4946558m.jpg"
"Bastian Uncovered: Chapters 1-4","https://imgs1cdn.adultempire.com/products/75/4831175m.jpg"
"Equation to an Unknown","https://imgs1cdn.adultempire.com/products/60/2747960m.jpg"
"Fratboys Shenanigans","https://imgs1cdn.adultempire.com/products/58/4874758m.jpg"
"Joe Gage Cum 1-3 Triple Feature","https://imgs1cdn.adultempire.com/products/96/3229096m.jpg"
"Twink Top Austin Vol. 1: Chapters 1-5","https://imgs1cdn.adultempire.com/products/67/4866067m.jpg"
"Learning","https://imgs1cdn.adultempire.com/products/39/1767939m.jpg"
"Good to the Last Drop (CockyBoys)","https://imgs1cdn.adultempire.com/products/39/4614439m.jpg"
"Playtime Buddies","https://imgs1cdn.adultempire.com/products/09/2810109m.jpg"
"Bi Here, Bi Now","https://imgs1cdn.adultempire.com/products/06/3097706m.jpg"
"ASG Free Use","https://imgs1cdn.adultempire.com/products/90/4792590m.jpg"
"Bareback League: A Footballer's Orgy, The","https://imgs1cdn.adultempire.com/products/54/1762154m.jpg"
"Hot Young Seamen","https://imgs1cdn.adultempire.com/products/52/4944152m.jpg"
"Only Cum","https://imgs1cdn.adultempire.com/products/12/2857212m.jpg"
"Steele Ranger","https://imgs1cdn.adultempire.com/products/24/24924m.jpg"
"Johnny Rapid: Repeat Offender","https://imgs1cdn.adultempire.com/products/70/1740170m.jpg"
"Cop Shack on 101","https://imgs1cdn.adultempire.com/products/11/1269611m.jpg"
"No Parents, No Problem","https://imgs1cdn.adultempire.com/products/96/2881396m.jpg"
"Puerto Vallarta Getaway","https://imgs1cdn.adultempire.com/products/29/4537129m.jpg"
"Bareback POV","https://imgs1cdn.adultempire.com/products/90/1498390m.jpg"
"Rail That Ass Raw","https://imgs1cdn.adultempire.com/products/45/4641145m.jpg"
"Best of Colt Films 7 & 8, The","https://imgs1cdn.adultempire.com/products/88/26888m.jpg"
"Day of the Breeding, The","https://imgs1cdn.adultempire.com/products/33/1763233m.jpg"
"Balls to the Wall","https://imgs1cdn.adultempire.com/products/18/1097318m.jpg"
"Dick Milker","https://imgs1cdn.adultempire.com/products/81/4954781m.jpg"
"Most Wanted (NakedSword)","https://imgs1cdn.adultempire.com/products/38/4888838m.jpg"
"Dad Creep 10","https://imgs1cdn.adultempire.com/products/68/4852268m.jpg"
"Family Holiday Tradition: Tapes 1-4","https://imgs1cdn.adultempire.com/products/22/4838822m.jpg"
"Down on the Farm (Corbin Fisher)","https://imgs1cdn.adultempire.com/products/18/1764718m.jpg"
"Lay It On Thick (NakedSword)","https://imgs1cdn.adultempire.com/products/29/4826429m.jpg"
"Wild in Rio","https://imgs1cdn.adultempire.com/products/55/4645055m.jpg"
"Getting Physical","https://imgs1cdn.adultempire.com/products/57/2538257m.jpg"
"My Older Crush","https://imgs1cdn.adultempire.com/products/52/4933952m.jpg"
"Campfire Tales","https://imgs1cdn.adultempire.com/products/87/4845187m.jpg"
"Protect & Service","https://imgs1cdn.adultempire.com/products/56/4880756m.jpg"
"Couples Go Bi","https://imgs1cdn.adultempire.com/products/46/3057046m.jpg"
"Grand Slam: Little Big League IV","https://imgs1cdn.adultempire.com/products/72/1556072m.jpg"
"Tales Of The John","https://imgs1cdn.adultempire.com/products/97/1669097m.jpg"
"Bring Me a Boy - Boys Love Daddy Dick Volume 17","https://imgs1cdn.adultempire.com/products/19/4950919m.jpg"
"Nailed by the Neighbor","https://imgs1cdn.adultempire.com/products/30/3262230m.jpg"
"Kink","https://imgs1cdn.adultempire.com/products/69/4944169m.jpg"
"Latin Leche 19","https://imgs1cdn.adultempire.com/products/45/3105045m.jpg"
"Flip Fuck Boys","https://imgs1cdn.adultempire.com/products/13/4891713m.jpg"
"In Hot Pursuit","https://imgs1cdn.adultempire.com/products/98/1633098m.jpg"
"Bareback Castings 12: Manhandlers","https://imgs1cdn.adultempire.com/products/22/4854722m.jpg"
"Cole Blue: Chapters 1-5","https://imgs1cdn.adultempire.com/products/83/4803483m.jpg"
"Black Balled 7","https://imgs1cdn.adultempire.com/products/51/1529251m.jpg"
"Rhyheim Does Rio","https://imgs1cdn.adultempire.com/products/10/4619010m.jpg"
"Boy Cole: Chapters 1-5, The","https://imgs1cdn.adultempire.com/products/59/4688759m.jpg"
"Falcon Collection: 2000s Vol. 2","https://imgs1cdn.adultempire.com/products/22/1506622m.jpg"
"Man In Uniform, A","https://imgs1cdn.adultempire.com/products/06/3204006m.jpg"
"Big Fucking Cocks","https://imgs1cdn.adultempire.com/products/58/2611858m.jpg"
"Stu 2","https://imgs1cdn.adultempire.com/products/55/1882255m.jpg"
"Giants: It's So Much Larger Than Life","https://imgs1cdn.adultempire.com/products/69/533369m.jpg"
"Mountain Tops (Raging Stallion)","https://imgs1cdn.adultempire.com/products/76/2752476m.jpg"
"Cops and Robbers: The Best of TitanMen Bad Boys","https://imgs1cdn.adultempire.com/products/07/1763307m.jpg"
"Caught in the Game","https://imgs1cdn.adultempire.com/products/29/2752329m.jpg"
"Palm Springs Sluts","https://imgs1cdn.adultempire.com/products/42/1389642m.jpg"
"Meeting in Progress Vol. 6","https://imgs1cdn.adultempire.com/products/62/4956062m.jpg"
"Boys Love Daddy Dick 16","https://imgs1cdn.adultempire.com/products/18/4950918m.jpg"
"Exposed (Falcon Studios)","https://imgs1cdn.adultempire.com/products/95/4948495m.jpg"
"Bro Be Mine 3","https://imgs1cdn.adultempire.com/products/87/4951387m.jpg"
"Bro Be Mine 1","https://imgs1cdn.adultempire.com/products/85/4951385m.jpg"
"My Boyfriend's Back (Kyle Michaels)","https://imgs1cdn.adultempire.com/products/82/4889882m.jpg"
"Beat the Heat","https://imgs1cdn.adultempire.com/products/81/4871381m.jpg"
"That's Big Bro","https://imgs1cdn.adultempire.com/products/54/4851854m.jpg"
"Stepdad Teaches Me How to Fuck","https://imgs1cdn.adultempire.com/products/60/4946560m.jpg"
"Scout Ethan","https://imgs1cdn.adultempire.com/products/55/4873655m.jpg"
"Summer Camp 2","https://imgs1cdn.adultempire.com/products/16/4952316m.jpg"